country_name,indicator_name,1980,1981,1982,1983,1984,1985,1986,1987,1988,1989,1990,1991,1992,1993,1994,1995,1996,1997,1998,1999,2000,2001,2002,2003,2004,2005,2006,2007,2008,2009,2010,2011,2012,2013,2014,2015,2016,2017,2018,2019,2020,2021,2022,2023,2024
Afghanistan,Annual GDP growth (percent change),,,,,,,,,,,,,,,,,,,,,,,,8.7,0.7,11.8,5.4,13.3,3.9,20.6,8.4,6.5,14,5.7,2.7,1,2.2,2.6,1.2,3.9,-2.4,-20.7,,,
Albania,Annual GDP growth (percent change),2.7,5.7,2.9,1.1,2,-1.5,5.6,-0.8,-1.4,9.8,-10,-28,-7.2,9.6,9.4,8.9,9.1,-10.9,8.8,12.9,6.9,8.3,4.5,5.5,5.5,5.5,5.9,6,7.5,3.4,3.7,2.5,1.4,1,1.8,2.2,3.3,3.8,4,2.1,-3.3,8.9,4.8,3.6,3.3
Algeria,Annual GDP growth (percent change),-5.4,3,6.4,5.4,5.6,5.6,-0.2,-0.7,-1.9,4.8,0.8,-1.2,1.6,-2.1,-0.9,3.8,3.8,1.1,5.1,3.2,3.8,3,5.6,7.2,4.3,5.9,1.7,3.4,2.4,1.6,3.6,2.9,3.4,2.8,3.8,3.7,3.2,1.4,1.2,1,-5.1,3.4,3.2,3.8,3.1
Andorra,Annual GDP growth (percent change),,,,,,,,,,,,,,,,,,,,,,8.1,4.5,8.7,8.1,5.4,4.8,1.6,-5.6,-5.3,-2,0,-5,-3.5,2.5,1.4,3.7,0.3,1.6,2,-11.2,8.3,8.8,2.1,1.5
Angola,Annual GDP growth (percent change),2.4,-4.4,0,4.2,6,3.5,2.9,4.1,6.1,0,-3.5,12.1,11.4,11,10.5,10.4,11.2,7.3,4.7,2.2,3.1,4.2,13.7,3,11,15,11.5,14,11.2,0.9,4.9,3.5,8.5,5,4.8,0.9,-2.6,-0.2,-1.3,-0.7,-5.6,1.2,3,1.3,3.3
Antigua and Barbuda,Annual GDP growth (percent change),8.2,3.8,-0.1,5.4,10.2,7.6,11.5,6.6,5.2,5.3,3,2.2,1.2,5.3,6.7,-4.4,6.6,5.5,4.7,3.7,6.2,-4.5,1,6.1,5.8,6.5,12.7,9.3,0,-12,-7.8,-2,3.4,-0.6,3.8,3.8,5.5,3.1,6.8,4.3,-17.5,6.6,8.5,5.6,5.4
Argentina,Annual GDP growth (percent change),0.7,-5.7,-3.1,3.7,2,-7,7.1,2.5,-2,-7,-1.3,10.5,10.3,6.3,5.8,-2.8,5.5,8.1,3.9,-3.4,-0.8,-4.4,-10.9,9,8.9,8.9,8,9,4.1,-5.9,10.1,6,-1,2.4,-2.5,2.7,-2.1,2.8,-2.6,-2,-9.9,10.7,5,-2.5,2.8
Armenia,Annual GDP growth (percent change),,,,,,,,,,,,,,-14.1,5.4,8,5.2,3.4,6.3,3.2,5.9,9.5,14.8,14.1,10.5,14.1,13.2,13.7,6.9,-14.1,2.2,4.7,7.1,3.4,3.6,3.3,0.2,7.5,5.2,7.6,-7.2,5.7,12.6,7,5
Aruba,Annual GDP growth (percent change),,,,,,,,16.1,18.6,12.1,4,8,5.9,7.3,8.2,2.5,1.3,7,2,1.4,7.7,4.2,-0.9,1.1,7.3,-0.4,1.1,3.1,1.8,-11.7,-2.7,3.4,-1,6.4,0,3.6,2.1,0.7,2.4,-2.3,-24,27.6,10.5,2.3,1.2
Australia,Annual GDP growth (percent change),2.9,4.1,0.1,-0.5,6.3,5.5,2.4,4.9,4.3,4.6,1.5,-1,2.6,3.9,4.8,3,4,4.6,4.6,4.4,3.1,2.7,4.2,3,4.1,3,2.6,4.4,2.5,1.9,2.4,2.8,3.8,2.2,2.6,2.3,2.7,2.4,2.8,1.9,-1.8,5.2,3.7,1.8,1.2
Austria,Annual GDP growth (percent change),2.3,-0.1,1.9,2.8,0.3,2.2,2.3,1.7,1,3.9,4.3,3.4,2.1,0.5,2.4,2.7,2.4,2.1,3.6,3.6,3.4,1.3,1.7,0.9,2.7,2.2,3.5,3.7,1.5,-3.8,1.8,2.9,0.7,0,0.7,1,2,2.3,2.4,1.5,-6.5,4.6,4.8,0.1,0.8
Azerbaijan,Annual GDP growth (percent change),,,,,,,,,,,,,,-23.1,-19.7,-13,2.5,8.9,6,11.4,6.2,6.5,9.4,10.2,9.3,26.4,34.5,25,10.8,9.3,5,0.1,2.2,5.8,2.8,1.1,-3.1,0.2,1.5,2.5,-4.2,5.6,4.6,2.5,2.5
"Bahamas, The",Annual GDP growth (percent change),7.1,-2.9,6.3,6.8,2.4,4.1,2.6,3.7,2.3,2.3,1.1,-4.2,-3.8,0.3,3.1,4.4,4.2,4.9,4.7,7.1,4.1,2.6,2.7,-1.3,0.9,3.4,2.5,1.4,-2.3,-4.2,1.5,0.6,3.5,-2.9,1.8,1,-0.8,2.5,2.9,-0.7,-23.5,17,14.4,4.3,1.8
Bahrain,Annual GDP growth (percent change),7.5,2.8,6.4,7,4.2,-0.9,0.5,-1.2,6,1,3.5,2.3,7.1,7.6,3.2,1.9,3.2,2.3,4.8,6,7,2.5,3.3,6.3,7,6.8,6.5,8.3,6.2,2.5,4.3,2,3.7,5.4,4.4,2.5,3.6,4.3,2.1,2.2,-4.6,2.6,4.9,2.7,3.6
Bangladesh,Annual GDP growth (percent change),,3.8,2.4,4,5.2,3.2,4.2,3.7,2.2,2.6,5.9,3.3,5,4.6,4.1,4.9,4.6,4.5,5.2,4.7,5.3,5.1,3.8,4.7,5.2,6.5,6.7,7.1,6,5,5.6,6.5,6.5,6,6.1,6.6,7.1,6.6,7.3,7.9,3.4,6.9,7.1,6,6
Barbados,Annual GDP growth (percent change),4.4,-1.9,-4.9,0.5,3.6,1.1,5.1,2.6,3.5,3.6,-3.3,-3.9,-5.7,0.8,2,2,4,4.7,3.7,0.3,4.5,-2.4,0.8,2.2,1.4,4,5.7,2.2,0.7,-5.1,-2.3,-0.7,-0.4,-1.4,-0.1,2.4,2.5,0.5,-0.6,-0.5,-13.3,-0.2,9.8,4.5,3.9
Belarus,Annual GDP growth (percent change),,,4,4.3,3,1.7,3.6,2.8,5.3,3,-2.3,-1.2,-9.6,-7.6,-11.7,-11.1,2.8,11.4,8.4,3.4,5.8,4.7,5,7,11.4,9.5,10,8.6,10.2,0.2,7.8,5.3,1.6,1,1.7,-3.8,-2.5,2.5,3.1,1.4,-0.7,2.3,-3.7,1.6,1.3
Belgium,Annual GDP growth (percent change),4.4,-0.3,0.6,0.3,2.5,1.7,1.8,2.3,4.7,3.5,3.1,1.8,1.5,-1,3.2,2.4,1.3,3.8,2,3.5,3.7,1.1,1.7,1,3.6,2.3,2.6,3.7,0.4,-2,2.9,1.7,0.7,0.5,1.6,2,1.3,1.6,1.8,2.3,-5.4,6.3,3.2,1,0.9
Belize,Annual GDP growth (percent change),5,0.2,-7.6,6.1,11.3,-1.4,7.3,22,10.9,15.5,11.2,11.5,12,6.3,0.2,0.6,1.1,3.6,3.9,9,13,5,5.1,9.3,4.6,2.4,4.4,3.3,-1.5,-0.4,1.3,-0.1,3.9,4.5,4.1,3.4,0.1,-1.7,1.1,4.5,-13.4,15.2,12.7,4,3
Benin,Annual GDP growth (percent change),9.3,1.9,1.7,-2,0.4,4.3,2.7,-2.1,3.4,-2.8,9,4.2,3,5.8,2,6,4.3,5.7,4,4.4,5.9,5.3,4.6,3.4,4.4,1.7,3.9,6,4.9,2.3,2.1,3,4.8,7.2,6.4,1.8,3.3,5.7,6.7,6.9,3.8,7.2,6.3,5.5,6.3
Bhutan,Annual GDP growth (percent change),5,13.6,8.2,7.3,7.6,4.3,8,20.2,15.1,6.2,9.1,4.9,2.1,3.2,2.2,6,6,5.5,6,7.1,6.9,7,9.5,9.3,6.9,6.7,7.1,12.9,11,5.8,9.5,9.9,6.5,3.6,4,6.2,7.4,6.3,3.8,4.4,-2.3,-3.3,4.8,5.3,3
Bolivia,Annual GDP growth (percent change),0.6,0.3,-3.9,-4,-0.2,-1.7,-2.6,2.5,2.9,3.8,4.6,5.3,1.6,4.3,4.7,4.7,4.4,5,5,0.4,2.5,1.7,2.5,2.7,4.2,4.4,4.8,4.6,6.1,3.4,4.1,5.2,5.1,6.8,5.5,4.9,4.3,4.2,4.2,2.2,-8.7,6.1,3.5,1.8,1.8
Bosnia and Herzegovina,Annual GDP growth (percent change),,,,,,,,,,,,,,,,20.7,62.2,22.9,13.8,10.7,4.4,2.4,5.1,3.9,6.3,4.2,5.7,6,5.6,-0.8,0.8,0.9,-0.7,2.4,1.1,4.3,3.2,3.2,3.8,2.9,-3,7.4,4.1,2,3
Botswana,Annual GDP growth (percent change),12,8.2,15.9,10.8,6.5,7.7,8.6,14.9,23.4,4.7,8.8,6.2,-0.2,4,-0.8,8.5,2.5,7.1,-1.6,8,4.3,2.3,7.4,5.4,1.4,5,6,5.8,3.3,-14.1,10.1,6.8,-0.2,11.1,5.7,-4.9,7.2,4.1,4.2,3,-8.7,11.9,5.8,3.8,4.1
Brazil,Annual GDP growth (percent change),9.2,-4.4,0.6,-3.4,5.3,7.9,7.5,3.6,0.3,3.2,-4.2,1,-0.5,4.7,5.3,4.4,2.2,3.4,0.3,0.5,4.4,1.4,3.1,1.1,5.8,3.2,4,6.1,5.1,-0.1,7.5,4,1.9,3,0.5,-3.5,-3.3,1.3,1.8,1.2,-3.3,5,2.9,3.1,1.5
Brunei Darussalam,Annual GDP growth (percent change),,,,,,,-2.7,2,1.1,-1.1,1.1,3.1,4.8,0.3,3.1,4.5,2.9,-1.5,-0.6,3.1,2.9,2.7,3.9,2.9,0.5,0.4,4.4,0.2,-1.9,-1.8,2.6,3.7,0.9,-2.1,-2.5,-0.4,-2.5,1.3,0.1,3.9,1.1,-1.6,-1.6,-0.8,3.5
Bulgaria,Annual GDP growth (percent change),5.7,5.3,4.2,3,4.6,1.8,5.3,4.7,2.4,-0.5,-9.1,-10.8,-8.4,-11.6,-3.7,-1.6,5.2,-14.1,3.8,-8.4,4.6,3.8,5.9,5.2,6.5,7.1,6.8,6.7,6.1,-3.3,1.5,2.1,0.8,-0.6,1,3.4,3,2.8,2.7,4,-4,7.6,3.4,1.7,3.2
Burkina Faso,Annual GDP growth (percent change),4,2.7,1.4,-1.2,1.6,11.3,8,-0.2,5.8,2.2,-0.6,9.1,0.2,3.5,1.3,5.7,11,6.3,7.3,7.3,1.9,6.6,4.4,7.8,4.5,8.7,6.3,4.1,5.8,3,8.4,6.6,6.5,5.8,4.3,3.9,6,6.2,6.6,5.7,1.9,6.9,1.5,4.4,6.4
Burundi,Annual GDP growth (percent change),-6.8,12.2,-1.1,3.7,0.2,11.8,3.2,5.5,5,1.3,3.5,5.8,1,-6.2,-3.8,-7.9,-8,0.4,4.8,1.2,1.8,1.7,2.4,2.5,3.8,4.4,5.4,3.5,4.9,3.8,5.1,4,4.4,4.9,4.2,-3.9,-0.6,0.5,1.6,1.8,0.3,3.1,1.8,3.3,6
Cabo Verde,Annual GDP growth (percent change),5.3,8.5,2.8,9.5,3.8,8.6,2.9,4.3,6,5.7,0.7,1.4,3,7.3,6.9,7.5,6.7,7.6,8.4,11.9,7.3,6.1,5.3,7.5,4.9,5.8,9.1,15.2,7,-1.5,1.8,3.9,1.1,0.6,0.7,0.9,4.3,4.6,3.7,6.9,-19.6,6.4,17,4.4,4.5
Cambodia,Annual GDP growth (percent change),,,,,,,,,9.6,3.3,1.1,7.6,7.1,4,8.2,6,5.9,4,4.7,12.7,9.6,8.6,6.6,8.5,10.3,13.3,10.8,10.2,6.7,0.1,6,7.1,7.3,7.4,7.1,7,6.9,7,7.5,7.1,-3.1,3,5.2,5.6,6.1
Cameroon,Annual GDP growth (percent change),9.9,17.1,7.6,6.8,7.5,8.1,6.8,-2.2,-7.9,-1.8,-6.2,-3.8,-3.1,-3.2,-2.5,3.3,4.9,5.3,4.9,4.1,3.4,3.4,4.8,5,6.6,1.2,3.5,4.1,2.9,2.6,2.9,3.5,4.5,5,5.8,5.6,4.5,3.5,4,3.4,0.5,3.6,3.8,4,4.2
Canada,Annual GDP growth (percent change),2.2,3.5,-3.2,2.6,5.9,4.7,2.1,4.1,4.4,2.3,0.2,-2.1,0.9,2.7,4.5,2.7,1.6,4.3,3.9,5.2,5.2,1.8,3,1.8,3.1,3.2,2.6,2.1,1,-2.9,3.1,3.1,1.8,2.3,2.9,0.7,1,3,2.8,1.9,-5.1,5,3.4,1.3,1.6
Central African Republic,Annual GDP growth (percent change),-3,13,-3.6,-6,9.9,3.7,7.2,0,1.7,3.8,1.4,-0.8,-4.9,-1.2,12.6,3.2,-6.2,4.1,3.3,2.9,-3.6,2.6,2.1,-2.2,-0.1,2.9,4.8,4,2.6,2.8,4.6,4.2,5.1,-36.4,0.1,4.3,4.7,4.5,3.8,3,1,1,0.5,1,2.5
Chad,Annual GDP growth (percent change),-6,-10.8,5.4,15.7,5.3,7.9,6,3.6,7.5,2,3.2,10.4,2.4,-2.1,5.5,-0.8,2.1,5.7,7,-0.7,-0.9,11.7,8.5,14.7,33.6,8.3,0.6,3.3,3.1,4.1,13.6,0.1,8.8,5.8,6.9,1.8,-5.6,-2.4,2.4,3.4,-2.1,-1.2,3.4,4,3.7
Chile,Annual GDP growth (percent change),7.9,6.2,-13.6,-2.8,5.9,2,5.6,6.6,7.3,10.6,3.7,7.8,11.2,6.6,5,8.9,5,7.4,4.2,-0.3,5,3.2,3.2,4.7,6.7,5.8,6,5.2,3.8,-1.1,5.9,6.2,6.2,3.3,1.8,2.2,1.8,1.4,4,0.7,-6.1,11.7,2.4,-0.5,1.6
"China, People's Republic of",Annual GDP growth (percent change),7.9,5.1,9,10.8,15.2,13.5,8.9,11.7,11.2,4.2,3.9,9,14.3,13.9,13,11,9.9,9.2,7.9,7.7,8.5,8.3,9.1,10,10.1,11.4,12.7,14.2,9.6,9.4,10.6,9.6,7.8,7.8,7.4,7,6.9,6.9,6.8,6,2.2,8.4,3,5,4.2
Colombia,Annual GDP growth (percent change),4.4,2.3,0.9,1.6,3.4,3.1,5.8,5.4,4.1,3.4,4.3,2.4,4.4,5.7,5.1,5.2,2.1,3.4,0.6,-4.2,2.9,1.7,2.5,3.9,5.3,4.4,6.7,6.7,3.3,1.1,4.5,6.9,3.9,5.1,4.5,3,2.1,1.4,2.6,3.2,-7.3,11,7.3,1.4,2
Comoros,Annual GDP growth (percent change),7.4,5.5,4.1,3.1,4.2,2.9,2.2,2.2,5.1,-0.8,7.4,-6.2,7.4,2.5,-4,5.6,-0.5,4.4,0,2.7,-1,5.4,4.6,2,3.1,5.7,-1.8,0.8,4,3.2,3.8,4.1,3.2,4.5,2.1,1.1,3.3,3.8,3.6,1.8,-0.2,2.1,2.6,3,3.5
"Congo, Dem. Rep. of the",Annual GDP growth (percent change),2.4,0.9,-0.5,1.4,4.8,0.5,4.7,2.7,0.5,-1.3,-6.6,-8.4,-10.5,-13.5,-6.1,2.8,-1.9,-7.8,-3.9,-3.8,-8.1,-2.1,2.9,6.6,7.7,9.8,5.1,8.5,7.4,0.6,7.8,7.6,8.7,9.6,7.3,6.4,0.4,3.7,4.8,4.5,1.7,6.2,8.9,6.7,4.7
"Congo, Republic of ",Annual GDP growth (percent change),12.7,2.6,2.4,2.4,2.4,2.4,2.3,2.3,21.9,21.3,1,3.4,4.2,1.3,-1.4,4,3.5,-1,8.9,-3.7,11.8,-4.8,1,0.5,-0.2,9.2,8,-6.6,6.3,11.6,9.9,2.2,9.9,-0.7,6.7,-3.6,-5,-5.6,-2.3,1.1,-6.3,1.1,1.7,4,4.4
Costa Rica,Annual GDP growth (percent change),0.8,-2.3,-7.3,2.9,8,0.7,5.5,4.8,3.4,5.7,3.6,2.3,9.2,7.1,4.5,4.2,1.4,5.5,7.2,4.2,3.9,3.5,3.4,4.3,4.4,4,7.3,8.2,4.7,-0.9,5.4,4.4,4.9,2.5,3.5,3.7,4.2,4.2,2.6,2.4,-4.3,7.8,4.3,4.4,3.2
Croatia,Annual GDP growth (percent change),,,,,,,,,,,,,,-8,5.9,6.6,5.9,6.6,1.9,-0.9,3.7,3.1,5.8,5.6,4.2,4.3,4.9,5,2,-7.2,-1.2,-0.1,-2.3,-0.4,-0.4,2.5,3.6,3.4,2.8,3.4,-8.5,13.1,6.2,2.7,2.6
Cyprus,Annual GDP growth (percent change),5.9,3.1,6.3,5.3,8.8,4.7,3.6,7.1,8.3,8.1,7.4,0.7,9.4,0.7,5.9,9.9,1.2,2.6,6.1,5,6,4,3.7,2.6,5,4.9,4.7,5.1,3.6,-2,2.3,0.4,-3.4,-6.6,-1.8,3.4,6.6,5.7,5.6,5.5,-4.4,6.6,5.6,2.2,2.7
Czech Republic,Annual GDP growth (percent change),,,,,,,,,,,,,,,,,4.5,-0.5,-0.4,1.4,4,3,1.6,3.6,4.8,6.6,6.8,5.6,2.7,-4.7,2.4,1.8,-0.8,0,2.3,5.4,2.5,5.2,3.2,3,-5.5,3.6,2.3,0.2,2.3
Côte d'Ivoire,Annual GDP growth (percent change),5.2,3.5,0.2,-2.5,-2,3.6,4.8,-0.5,1.1,3,-1.1,0,-0.3,-0.2,0.2,5.6,8.1,5.7,4.9,1.6,-2.1,0.1,-1.7,-1.4,1.2,1.7,1.5,1.8,2.5,3.3,2,-4.9,10.9,9.3,8.8,8.8,7.2,7.4,4.8,6.5,1.7,7,6.7,6.2,6.6
Denmark,Annual GDP growth (percent change),-0.5,-0.7,3.7,2.6,4.2,4,4.9,0.3,0,0.6,1.5,1.4,2,0,5.3,3,2.9,3.3,2.2,2.9,3.7,0.8,0.5,0.4,2.7,2.3,3.9,0.9,-0.5,-4.9,1.9,1.3,0.2,0.9,1.6,2.3,3.2,2.8,2,1.5,-2.4,6.8,2.7,1.7,1.4
Djibouti,Annual GDP growth (percent change),,,,,,,,,,,,-4.5,0.6,-6.8,-1.4,-3.5,-3.7,-1.2,0.1,2.9,0.7,1.8,3.2,3.2,2.8,3.1,4.8,5,5.8,1.6,4.1,7.3,4.8,5,7.2,7.3,7.1,5.5,4.8,5.5,1.3,4.5,3.2,5,6
Dominica,Annual GDP growth (percent change),13.4,10.8,4.1,2.6,4.2,1.4,7.1,6.3,7.8,-0.2,5.4,1.3,2,2.2,0,3,3.1,2.2,3.8,0.4,2.3,-0.1,-2.8,6.4,3.1,0.7,4.7,6.4,7.1,-1.2,0.7,-0.2,-1.1,-1,4.8,-2.7,2.8,-6.6,3.5,5.5,-16.6,6.9,5.7,4.6,4.6
Dominican Republic,Annual GDP growth (percent change),8,4.3,1.7,4.6,1.3,-2.1,3.5,10.1,2.2,4.4,-5.5,0.9,11.2,7.4,2.6,5.7,6,8.9,6.7,5.9,4.7,2.5,4.5,-1.3,2.6,9.4,9.2,7.4,3.2,0.9,8.3,3.1,2.7,4.9,7.1,6.9,6.7,4.7,7,5.1,-6.7,12.3,4.9,3,5.2
Ecuador,Annual GDP growth (percent change),4.9,3.9,1.2,-2.8,4.2,4.4,3.1,-6,10.5,0.3,3,5.1,3.6,2,4.3,2.3,1.7,4.3,3.3,-4.7,1.1,4,4.1,2.7,8.2,5.3,4.4,2.2,6.4,0.6,3.5,7.9,5.6,4.9,3.8,0.1,-1.2,2.4,1.3,0,-7.8,4.2,2.9,1.4,1.8
Egypt,Annual GDP growth (percent change),3.4,2.2,7.3,8.9,8,7.4,4.8,4.3,4,3,2.3,2.1,0.3,2.9,4.2,4.5,4.9,5.9,7.5,6.1,5.4,3.5,3.2,3.2,4.1,4.5,6.8,7.1,7.2,4.7,5.1,1.8,2.2,3.3,2.9,4.4,4.3,4.2,5.3,5.5,3.6,3.3,6.7,4.2,3.6
El Salvador,Annual GDP growth (percent change),-8.6,-5.7,-6.3,1.5,1.3,0.6,0.2,2.5,1.9,1,4.8,1.5,7,5.8,4.7,4.7,0.8,3.1,2.7,2.2,1.1,0.9,1.6,1.6,0.9,2.7,4.4,1.8,2.1,-2.1,2.1,3.8,2.8,2.2,1.7,2.4,2.5,2.3,2.4,2.5,-7.9,11.2,2.6,2.2,1.9
Equatorial Guinea,Annual GDP growth (percent change),4.8,5.8,2.2,5,1,12.9,-2.3,4.4,2.7,-1.2,2.5,-1.2,33,10.5,16.8,26.5,52.7,148,24.8,26.4,110.5,60,19.6,14.5,30.4,8.2,6.5,15.3,17.8,1.3,-8.9,6.5,8.3,-4.1,0.4,-9.1,-8.8,-5.7,-6.2,-5.5,-4.8,-0.4,3.2,-6.2,-5.5
Eritrea,Annual GDP growth (percent change),,,,,,,,,,,,,,12.9,20.9,2.3,9.1,7.9,2,0.2,-12.4,8.8,3,-2.7,1.5,2.6,-1,1.4,-19.4,12.2,10.9,25.7,1.9,-10.5,30.9,-20.6,7.4,-10,13,3.8,,,,,
Estonia,Annual GDP growth (percent change),,,,,,,,,,,,,,,-1.6,2.2,4.9,13,4.3,-0.4,10.1,6,6.8,7.6,6.8,9.5,9.8,7.6,-5.1,-14.6,2.4,7.3,3.2,1.5,3,1.9,3.2,5.8,3.8,4,-1,7.2,-0.5,-2.3,2.4
Eswatini,Annual GDP growth (percent change),-3.8,6.9,1.4,-0.5,2.5,1.9,18.6,10,7.6,9.4,9.9,1.8,3.2,3.1,2.4,4.8,3.8,3.1,2.6,3,1.8,1.1,4.4,3.9,3.6,6,6,4.4,0.8,1.6,3.8,2.2,5.4,3.9,0.9,2.2,1.1,2,2.4,2.7,-1.6,7.9,3.6,3.1,3.3
Ethiopia,Annual GDP growth (percent change),4,0,1,7.8,-2.3,-11.4,9.7,13.9,0.6,-0.5,2.6,-7.2,-8.9,13.4,3.5,6.1,13.5,2.8,-4.2,6.3,9.8,7.4,1.6,-2.1,11.7,12.6,11.5,11.8,11.2,10,10.6,11.4,8.7,9.9,10.3,10.4,8,10.2,7.7,9,6.1,6.3,6.4,6.1,6.2
Fiji,Annual GDP growth (percent change),-1.7,6,-1.1,-4.2,10.1,-3.8,6.6,-7.2,3.5,13.9,5.8,-2.7,6.1,2.6,5.1,2.6,4.8,-2.4,1.3,8.7,-1.7,1.9,3.2,0.8,5.4,-1.3,1.9,-0.9,1,-1.4,3,2.7,1.4,4.7,5.6,4.5,2.4,5.4,3.8,-0.6,-17,-4.9,20,7.5,3.9
Finland,Annual GDP growth (percent change),5.7,1.3,3.1,3.1,3.2,3.5,2.7,3.6,5.2,5.1,0.2,-5.9,-3.3,-0.7,4,4.2,3.7,6.3,5.5,4.4,5.8,2.6,1.7,2,4,2.8,4,5.3,0.8,-8.1,3.2,2.5,-1.4,-0.9,-0.4,0.5,2.8,3.2,1.1,1.2,-2.4,3.2,1.6,-0.1,1
France,Annual GDP growth (percent change),1.8,1.1,2.5,1.2,1.6,1.7,2.3,2.6,4.6,4.5,2.9,1.1,1.5,-0.7,2.4,2.2,1.3,2.4,3.6,3.3,4.1,1.9,1.2,0.8,2.5,1.7,2.7,2.4,0.1,-2.8,1.8,2.2,0.4,0.7,1,1,1,2.5,1.8,1.9,-7.7,6.4,2.5,1,1.3
Gabon,Annual GDP growth (percent change),0,-4,4.1,2,4.9,5.8,-2.1,-15.4,3.5,15.4,5.1,6.1,-3.1,3.9,3.7,5,3.6,5.7,3.5,-8.9,-1.9,2.1,0.2,1.7,1.1,-0.8,-1.9,6.3,1.7,-2.3,6.3,7.1,5.3,5.5,4.4,3.9,2.1,0.5,0.9,3.8,-1.8,1.5,3,2.8,2.6
"Gambia, The",Annual GDP growth (percent change),0.7,-9.5,20.8,13.5,-7.6,3.6,2.4,2.8,1.7,4.3,5.7,2.2,1.8,3.8,-3.4,3.3,2.9,1.4,6.5,6.4,5.5,5.8,-3.2,6.9,7,-2.4,-0.6,3,6.3,6.7,5.9,-8.1,5.2,2.9,-1.4,4.1,1.9,4.8,7.2,6.2,0.6,5.3,4.9,5.6,6.2
Georgia,Annual GDP growth (percent change),,,,,,,,,,,,-21.1,-44.9,-29.3,-10.4,2.6,10.5,10.5,3.1,2.9,1.8,4.8,5.5,11.1,5.8,9.6,9.4,12.6,2.4,-3.7,6.2,7.4,6.4,3.6,4.4,3,2.9,4.8,4.8,5,-6.8,10.5,10.1,6.2,4.8
Germany,Annual GDP growth (percent change),1.3,0.1,-0.8,1.6,2.8,2.2,2.4,1.5,3.7,3.9,5.7,5,1.9,-1,2.4,1.5,0.8,1.8,2,1.9,2.9,1.7,-0.2,-0.7,1.2,0.7,3.8,3,1,-5.7,4.2,3.9,0.4,0.4,2.2,1.5,2.2,2.7,1,1.1,-3.8,3.2,1.8,-0.5,0.9
Ghana,Annual GDP growth (percent change),0.5,-3.8,-8.3,-6.2,9.4,6.4,6.2,6.7,6.5,4.5,3.6,4.8,4.5,4.8,3.5,4.2,4.8,5.8,5,4.5,3.6,3.8,4.6,5.1,5.4,6.2,5.8,4.1,9,5.7,7.8,13.9,8.4,7.2,2.9,2.1,3.4,8.1,6.2,6.5,0.5,5.1,3.1,1.2,2.7
Greece,Annual GDP growth (percent change),0.7,-1.6,-1.1,-1.1,2,2.5,0.5,-2.3,4.3,3.8,0,3.1,0.7,-1.6,2,2.1,2.9,4.5,3.9,3.1,3.9,4.1,3.9,5.8,5.1,0.6,5.7,3.3,-0.3,-4.3,-5.5,-10.1,-7.1,-2.5,0.5,-0.2,-0.5,1.1,1.7,1.9,-9,8.4,5.9,2.5,2
Grenada,Annual GDP growth (percent change),15.1,1.4,4.1,3.3,4,6,7.4,9.1,2.9,3.8,4.2,1.4,-0.8,-2,1.8,2.2,4.4,4.9,11.8,7,5.1,-2,3.4,9.5,-0.6,13.3,-4,6.1,0.9,-6.6,-0.5,0.8,-1.2,2.4,7.3,6.4,3.7,4.4,4.4,0.7,-13.8,4.7,6.4,3.9,3.8
Guatemala,Annual GDP growth (percent change),3.7,0.6,-3.5,-2.5,0.5,-0.6,0.1,3.6,3.9,3.9,3.1,3,4.6,3.4,3.5,4.4,2.8,4.1,4.6,3.7,2.5,3.1,3.8,2.6,3.1,3.3,5.4,6.3,3.3,0.5,2.9,4.2,3,3.7,4.4,4.1,2.7,3.1,3.4,4,-1.8,8,4.1,3.4,3.5
Guinea,Annual GDP growth (percent change),2.6,0.6,1.8,1.3,1.4,5,3.1,3.3,6.3,4,4.3,2.5,3.3,5,4,4.7,4.5,5.2,3.6,3.8,2.5,3.7,5.2,1.2,2.3,3,2.5,6.5,4.1,-1.5,4.2,5.6,5.9,3.9,3.7,3.8,10.8,10.3,6.4,5.6,4.7,5,4.3,5.9,5.6
Guinea-Bissau,Annual GDP growth (percent change),,-0.5,4.2,-3.4,5.5,4.3,-1,5.6,2,2.9,4.6,7.3,3.1,2.3,3,4,3.7,6,-22.4,16.8,1.1,4.8,3.7,-0.3,1.2,6.6,2.7,2.6,4.5,2.4,5.6,8.1,-1.7,3.3,1,6.1,5.3,4.8,3.8,4.5,1.5,6.4,4.2,4.5,5
Guyana,Annual GDP growth (percent change),-2.1,0.6,-8.9,-11.5,2.1,0.4,-0.2,-0.1,-6,-4.9,-3,6,7.8,8.2,8.5,5.1,8,6.2,-1.7,3,-1.3,2.3,1.1,-0.7,1.6,-1.9,5.1,7,2,3.3,4.4,5.4,5,3.7,1.7,0.7,3.8,3.7,4.4,5.4,43.5,20.1,62.3,38.4,26.6
Haiti,Annual GDP growth (percent change),7.3,1.1,-2.8,-1.5,0.2,0.8,0.3,-0.4,0.6,-1.1,-0.4,1.3,-2.3,-4.9,-11.6,9.9,4.1,2.7,2.2,2.7,0.9,-0.3,1.1,3.5,-1.3,3.1,1.8,4.7,2.7,5.9,-5.7,5.1,0.5,4.3,1.7,2.6,1.8,2.5,1.7,-1.7,-3.3,-1.8,-1.7,-1.5,1.4
Honduras,Annual GDP growth (percent change),0.6,-1.2,-2.1,0.9,6.3,5.6,5.3,6.6,1.7,2.7,2.8,-3.3,6.1,6.5,0.2,6.2,1.9,4.6,3.6,-0.7,7.3,2.7,3.8,4.5,6.2,6.1,6.6,6.2,4.2,-2.4,3.7,3.8,4.1,2.8,3.1,3.8,3.9,4.8,3.8,2.7,-9,12.5,4,2.9,3.2
Hong Kong SAR,Annual GDP growth (percent change),10.3,9.2,2.9,6,10,0.7,11.1,13.4,8.5,2.3,3.8,5.7,6.2,6.2,6,2.4,4.3,5.1,-5.9,2.5,7.7,0.6,1.7,3.1,8.7,7.4,7,6.5,2.1,-2.5,6.8,4.8,1.7,3.1,2.8,2.4,2.2,3.8,2.8,-1.7,-6.5,6.4,-3.5,4.4,2.9
Hungary,Annual GDP growth (percent change),0.2,2.9,2.8,0.7,2.7,-0.3,1.5,4.1,-0.1,0.7,-3.5,-11.9,-3.1,-0.6,2.9,2.5,0.1,3.1,3.9,3.1,4.5,4.1,4.7,4.1,5,4.3,3.9,0.3,1,-6.6,1.1,1.9,-1.3,1.8,4.2,3.7,2.2,4.3,5.4,4.9,-4.5,7.2,4.6,-0.3,3.1
Iceland,Annual GDP growth (percent change),5.7,4.3,2.2,-2.2,4.1,3.3,6.3,8.5,-0.1,0.3,1.2,-0.2,-3.4,1.3,3.6,0.1,4.6,5.8,7.4,4,5,4,0.6,2.1,7.8,6.1,6.3,8.5,2.2,-7.7,-2.8,1.8,1.1,4.6,1.7,4.4,6.3,4.2,4.9,1.9,-7.2,4.5,7.2,3.3,1.7
India,Annual GDP growth (percent change),5.3,6,3.5,7.3,3.8,5.3,4.8,4,9.6,5.9,5.5,1.1,5.5,4.8,6.7,7.6,7.5,4,6.2,8.5,4,4.9,3.9,7.9,7.8,9.3,9.3,9.8,3.9,8.5,10.3,6.6,5.5,6.4,7.4,8,8.3,6.8,6.5,3.9,-5.8,9.1,7.2,6.3,6.3
Indonesia,Annual GDP growth (percent change),9.9,7.6,2.2,4.2,7.6,3.9,7.2,6.6,7,9.1,9,8.9,6.5,8,7.5,8.2,7.8,4.7,-13.1,0.8,5,3.6,4.5,4.8,5,5.7,5.5,6.3,7.4,4.7,6.4,6.2,6,5.6,5,4.9,5,5.1,5.2,5,-2.1,3.7,5.3,5,5
Iran,Annual GDP growth (percent change),-21.6,-5.7,23.2,11.1,-7.1,1.9,-9.8,-0.2,-6.1,6.1,13.6,12.7,3.3,-1.5,-1.7,2.4,6.4,1.4,2.1,2,5.8,2.4,8.1,8.6,4.3,3.2,5,8.2,0.3,1,5.8,2.6,-3.7,-1.5,5,-1.4,8.8,2.8,-1.8,-3.1,3.3,4.7,3.8,3,2.5
Iraq,Annual GDP growth (percent change),,,,,,,,,,,,,,,,,,,,24.8,-4.3,-6.6,-7.8,81.8,53.4,1.7,5.6,1.9,8.2,3.4,6.4,7.5,13.9,7.6,0.7,2.5,15.2,-3.4,4.7,5.4,-12.1,1.6,7,-2.7,2.9
Ireland,Annual GDP growth (percent change),2.9,2.5,1.5,-0.7,3.2,1.9,0.4,3.6,3,5.6,7.7,1.6,3.6,2.3,5.9,9.6,9.1,10.7,8.8,10.5,9.4,5.3,5.9,3,6.8,5.7,5,5.3,-4.5,-5.1,1.7,1.3,-0.1,1.2,8.8,24.5,1.8,9.3,8.5,5.3,6.6,15.1,9.4,2,3.3
Israel,Annual GDP growth (percent change),3.6,4.7,1.4,2.6,2.2,4.5,3.6,7.5,3.6,1.4,6.6,4.6,7.2,3.8,7,9.7,5.9,3.8,4.1,3.3,8.7,0.3,-0.1,1.4,4.8,4.1,5.6,6,3.3,0.9,5.7,5.6,2.7,4.2,3.9,2.3,4.4,4.3,4.1,3.8,-1.5,9.3,6.5,3.1,3
Italy,Annual GDP growth (percent change),3.1,0.6,0.2,0.9,3,2.6,2.7,3.1,4,3.3,2,1.4,0.7,-0.8,2.1,2.7,1.3,1.8,1.8,1.6,3.8,2,0.3,0.1,1.4,0.8,1.8,1.5,-1,-5.3,1.7,0.7,-3,-1.8,0,0.8,1.3,1.7,0.9,0.5,-9,7,3.7,0.7,0.7
Jamaica,Annual GDP growth (percent change),-4,4.4,3.1,4.2,0.9,-0.9,7,7.7,-4,4.7,4.9,0.8,2.8,2.2,1.9,2.5,0.2,-1.6,-1.2,1,0.8,1.3,0.7,3.7,1.3,0.9,2.9,1.4,-0.8,-3.4,-1.4,1.4,-0.5,0.2,0.6,0.9,1.5,0.7,1.8,1,-9.9,4.6,5.2,2,1.8
Japan,Annual GDP growth (percent change),3.2,4.2,3.3,3.5,4.5,5.2,3.3,4.7,6.8,4.9,4.9,3.4,0.8,-0.5,0.9,2.6,3.1,1,-1.3,-0.3,2.8,0.4,0,1.5,2.2,1.8,1.4,1.5,-1.2,-5.7,4.1,0,1.4,2,0.3,1.6,0.8,1.7,0.6,-0.4,-4.2,2.2,1,2,1
Jordan,Annual GDP growth (percent change),11.1,15,5.8,1.4,5.5,-1.1,5.9,2.7,2.9,-10.7,-1.6,-5.7,16.9,4.4,5,6,1.9,3.7,3.2,3.2,4.2,5,6.6,4,8.3,8.8,8.5,8.4,7.4,5,2.3,2.7,2.4,2.6,3.4,2.5,2,2.5,1.9,1.8,-1.6,2.2,2.5,2.6,2.7
Kazakhstan,Annual GDP growth (percent change),,,,,,,,,,,,,,-9.2,-12.6,-8.2,0.5,1.7,-1.9,2.7,9.8,13.5,9.8,9.3,9.6,9.7,10.7,8.9,3.3,1.2,7.3,7.5,5,5.9,4.3,1,0.9,3.9,4.1,4.5,-2.6,4.1,3.3,4.6,4.2
Kenya,Annual GDP growth (percent change),5.6,4.1,5.1,1.6,1.6,4.1,7,5.8,6.1,4.6,4.1,1.3,-1.1,-0.1,2.5,4.3,4.5,0.4,3,2.2,0.3,4,0.5,2.9,4.6,5.7,5.9,6.9,0.2,3.3,8.1,5.1,4.6,3.8,5,5,4.2,3.8,5.7,5.1,-0.3,7.6,4.8,5,5.3
Kiribati,Annual GDP growth (percent change),0.1,0.2,0.7,-2.7,2.4,-4.5,1,0.4,9.1,-3.1,-1.3,0.1,1.3,1,1.8,-0.1,1.1,2,6.9,-1.8,6,-1.4,4,2,-1.6,5,0,2,-2.1,0.8,-1.1,1.8,5.1,4.2,-1.1,9.9,-0.5,-0.1,5.3,-2.1,-1.4,7.9,1.2,2.6,2.4
"Korea, Republic of",Annual GDP growth (percent change),-1.6,7.2,8.3,13.4,10.6,7.8,11.3,12.7,12,7.1,9.9,10.8,6.2,6.9,9.3,9.6,7.9,6.2,-5.1,11.5,9.1,4.9,7.7,3.1,5.2,4.3,5.3,5.8,3,0.8,6.8,3.7,2.4,3.2,3.2,2.8,2.9,3.2,2.9,2.2,-0.7,4.3,2.6,1.4,2.2
Kosovo,Annual GDP growth (percent change),,,,,,,,,,,,,,,,,,,,,,4.6,-0.4,2.6,0.6,4.5,3.6,8.3,1.8,5,4.9,6.3,1.7,5.3,3.3,5.9,5.6,4.8,3.4,4.8,-5.3,10.7,3.5,3.8,4
Kuwait,Annual GDP growth (percent change),,,-9.5,5.3,5.2,-4.3,8.6,8.1,-10,25.9,-26.2,-41,82.8,35.1,8.6,1.7,0.6,2.5,3.7,-1.8,4.7,0.2,3,17.3,10.2,10.6,7.5,6,2.5,-7.1,-2.4,9.6,6.6,1.1,0.5,0.6,2.9,-4.7,2.4,-0.6,-8.9,1.1,8.9,-0.6,3.6
Kyrgyz Republic,Annual GDP growth (percent change),,,,,,,,,,,,,,-13,-19.8,-5.4,7.1,9.9,2.1,3.7,5.4,5.3,0,7,7,-0.2,3.1,8.5,7.6,2.9,-0.5,6,-0.1,10.9,4,3.9,4.3,4.7,3.5,4.6,-7.1,5.5,6.3,3.4,4.3
Lao P.D.R.,Annual GDP growth (percent change),10,15.3,4.7,3,6.4,9.1,4.8,-1,-2.1,9.9,6.7,4,7,5.9,8.2,7,6.9,6.9,4.3,4,6.4,4.8,6.8,6.2,7.2,6.9,9,7.9,7.8,7.4,8,8,7.8,8,7.6,7.3,7,6.9,6.3,4.7,-0.4,2.1,2.3,4,4
Latvia,Annual GDP growth (percent change),,,,,,,,,,,,,,-11.4,2.2,-2.1,2.6,8.8,6.3,2.8,5.7,6.3,7.1,8.4,8.3,10.7,12,9.9,-3.2,-14.3,-4.5,2.6,7,2,1.9,3.9,2.4,3.3,4,2.6,-2.3,4.3,2.8,0.5,2.6
Lebanon,Annual GDP growth (percent change),1.5,0.5,-36.8,22.7,44.5,24.3,-6.8,16.7,-28.2,-42.2,-13.4,38.2,4.5,7,8,6.5,4,10.2,3.9,-0.8,1.1,3.9,3.4,1.7,7.5,0.7,1.5,9.3,9.1,10.2,8,0.9,2.6,3.8,2.5,0.5,1.6,0.9,-1.9,-6.9,-25.9,-10,0,,
Lesotho,Annual GDP growth (percent change),-0.8,3.1,5.6,3,4.8,3,3.8,2.7,7.9,6,6.4,7.5,6.1,4,5.2,4.1,4.8,3.3,1.3,1.4,4,3.3,2.4,4.2,2.1,3.3,4.2,4.2,3.8,0.4,5.1,5.1,5.1,1.8,2.1,3.2,1.9,-2.7,-1.3,-2,-3.9,1.8,2.1,2.1,2.3
Liberia,Annual GDP growth (percent change),,,,,,,,,,,,,,,,,,,,,,2.8,4.4,-29,4,5.9,8.5,13.1,6.1,5.2,6.4,7.7,8.4,8.8,0.7,0,-1.6,2.5,1.2,-2.5,-3,5,4.8,4.6,5.3
Libya,Annual GDP growth (percent change),0.6,-20,1.5,-4.7,-8.3,0.6,-11.4,-14.7,7.6,7.2,3.7,18.3,-4.5,-5.5,3.2,-15.4,1.8,-2.6,-0.7,-0.2,4,2.6,-3.7,16.1,5.8,10.6,0.3,6.2,-0.2,-4.4,5,-50.3,86.8,-18,-23,-0.8,-1.5,32.5,7.9,-11.2,-29.5,28.3,-9.6,12.5,7.5
Lithuania,Annual GDP growth (percent change),,,,,,,,,,,,,,,,,5.2,8.3,7.5,-1.1,3.7,6.5,6.8,10.6,6.6,7.7,7.4,11.1,2.6,-14.8,1.7,6,3.8,3.6,3.5,2,2.5,4.3,4,4.6,0,6,1.9,-0.2,2.7
Luxembourg,Annual GDP growth (percent change),3.2,0.8,1,1.9,4.7,5.6,10,4,8.5,9.8,5.3,8.6,1.8,4.2,3.8,1.4,1.5,5.9,6.5,8.4,8.4,3.1,3.2,2.6,4.2,2.5,6,8.1,-0.3,-3.2,3.8,1,1.6,3.2,2.6,2.3,5,1.3,1.2,2.9,-0.9,7.2,1.4,-0.4,1.5
Macao SAR,Annual GDP growth (percent change),,,,,,,,,,,,,,,,,,,,,,,8.9,11.6,26.6,8.1,13.4,14.5,3.4,1.3,25.1,21.6,9.2,10.8,-2,-21.5,-0.7,10,6.5,-2.5,-54.2,19.3,-26.8,74.4,27.2
Madagascar,Annual GDP growth (percent change),0.8,-9.8,-1.9,0.9,1.8,1.2,2,1.2,3.4,4.1,3.1,-6.3,1.2,2.1,0,1.7,2.2,3.7,3.9,4.7,4.5,6,-12.4,9.8,5.3,4.8,5.4,5.7,6.7,-4,0.6,1.6,3,2.3,3.3,3.1,4,3.9,3.2,4.4,-7.1,5.7,4,4,4.8
Malawi,Annual GDP growth (percent change),0.4,-5.2,2.5,3.7,5.4,4.6,-0.2,1.6,3.2,1.3,5.7,8.7,-7.3,9.7,-10.3,13.8,10,6.6,1.1,3.5,0.8,-4.1,1.8,5.7,5.4,3.3,4.7,9.6,7.6,8.3,6.9,4.9,1.9,5.2,5.7,3,2.3,4,4.4,5.4,0.9,4.6,0.8,1.7,3.3
Malaysia,Annual GDP growth (percent change),7.4,6.9,5.9,6.3,7.8,-0.9,1.2,5.4,9.9,9.1,9,9.5,8.9,9.9,9.2,9.8,10,7.3,-7.4,6.1,8.7,0.5,5.4,5.8,6.8,5,5.6,6.3,4.8,-1.5,7.5,5.3,5.5,4.7,6,5,4.4,5.8,4.8,4.4,-5.5,3.3,8.7,4,4.3
Maldives,Annual GDP growth (percent change),18.8,7.9,7.5,4.4,17.4,13.8,8.6,8.9,8.7,9.3,-4,6.9,6.5,5.4,7.5,7.4,9.1,10.4,9.8,7.2,4.8,3.5,6.1,25.4,6,-13.1,26.1,7.7,9.5,-7.2,7.3,8.6,2.5,7.3,7.3,2.9,6.3,7.2,8.1,6.9,-33.4,41.7,13.9,8.1,5
Mali,Annual GDP growth (percent change),3.3,-4.5,-11.6,3.2,2.4,3.2,6.1,2.5,0.1,10.7,9.3,7.7,-1.6,3.6,3.8,3,7.3,4.8,2.9,6.2,-0.1,15.4,3.1,9.1,1.6,6.5,4.7,3.5,4.8,4.7,5.4,3.2,-0.8,2.3,7.1,6.2,5.9,5.3,4.7,4.8,-1.2,3.1,3.7,4.5,4.8
Malta,Annual GDP growth (percent change),7,2.7,0.1,2.6,0.8,2.4,3.8,5.7,6.8,7.1,4.7,5.9,8.1,3.9,4.6,6.9,4,4.8,3.4,3.8,-1,-1.2,2.6,4.1,0.1,3.4,2.5,4.8,3.8,-1.1,5.5,0.5,4.1,5.5,7.6,9.6,3.4,10.9,7.4,7.1,-8.1,12.3,6.9,3.8,3.3
Marshall Islands,Annual GDP growth (percent change),,,,,,,,,,,,,,,,,,,-0.7,-1.4,2.5,6.9,3.6,-1.5,-0.7,1.8,0.2,3.4,-7.6,3.7,5.4,0,-1.3,3.6,-1.2,2.1,2.1,3.7,5.7,10.3,-2.9,1,-4.5,3,3
Mauritania,Annual GDP growth (percent change),,,,,,,,,,,,0,1.8,5.9,-3.1,9.8,5.8,-4,2.8,3.7,-3.9,-0.8,1.4,6.9,4.7,8.6,18.3,-2,-0.3,0.1,2.6,4.2,4.5,4.2,4.3,5.4,1.3,6.3,4.8,5.4,-0.9,2.4,6.5,4.5,5.3
Mauritius,Annual GDP growth (percent change),-10.1,5.9,5.5,0.4,4.8,6.9,9.7,10.2,6.8,4.5,7.2,4.4,6.5,5.1,4.1,4.3,5.6,5.7,6.1,2.6,8.2,3.2,1.6,6,4.3,1.5,4.5,5.7,5.4,3.3,4.4,4.1,3.5,3.4,3.8,3.7,3.9,3.9,4,2.9,-14.6,3.4,8.7,5.1,3.8
Mexico,Annual GDP growth (percent change),9.5,9.6,0,-4.6,3.5,1.9,-3.9,2.1,1.2,3.6,5.3,4,3.6,2.9,4.4,-5.9,6.2,7.2,6.2,2.8,5,-0.5,-0.2,1.2,3.6,2.1,4.8,2.1,0.9,-6.3,5,3.4,3.6,0.9,2.5,2.7,1.8,1.9,2,-0.3,-8.7,5.8,3.9,3.2,2.1
"Micronesia, Fed. States of",Annual GDP growth (percent change),,,,,,,,,,,,,,,,,-3.1,-6.1,2.7,1.5,4.9,2.1,0.6,1.6,-3.1,2,-0.1,-1.8,-2.4,1.1,2.3,3.2,-1.9,-3.7,-2.3,4.6,0.9,2.7,0.2,1.2,-2.8,-2.2,-0.6,2.6,3.1
Moldova,Annual GDP growth (percent change),,,,,,,,,,,,-17.5,-29.7,-1.2,-30.9,-1.4,-5.9,1.6,-6.5,-3.4,2.1,6.1,7.8,6.6,7.4,7.5,4.8,3,7.8,-6,7.1,5.8,-0.6,9,5,-0.3,4.4,4.2,4.1,3.6,-8.3,13.9,-5,2,4.3
Mongolia,Annual GDP growth (percent change),6.4,8.4,8.3,5.8,5.9,5.7,9.4,3.5,5.1,4.2,-2.5,-9.2,-9.3,-3.2,2.1,6.4,2.2,3.9,3.3,3.1,1.1,4.6,5.3,7.4,9.4,6.5,8.2,8.8,7.8,-2.1,7.3,17.3,12.3,11.6,7.9,2.4,1.5,5.6,7.7,5.6,-4.6,1.6,5,5.5,4.5
Montenegro,Annual GDP growth (percent change),,,,,,,,,,,,,,,,,,,,,,1.1,1.9,2.5,4.4,4.2,8.6,6.8,7.2,-5.8,2.7,3.2,-2.7,3.5,1.8,3.4,2.9,4.7,5.1,4.1,-15.3,13,6.1,4.5,3.7
Morocco,Annual GDP growth (percent change),3.8,-2.8,9.6,-0.6,4.3,6.3,8.3,-2.5,10.4,2.4,4,7.5,-2.9,-1,11.5,-6.3,13.5,-2,8,0.5,1.6,7.6,3.3,6.3,4.8,3,7.8,2.7,5.9,4.2,3.8,5.2,3,4.5,2.7,4.3,0.5,5.1,3.1,2.9,-7.2,8,1.3,2.4,3.6
Mozambique,Annual GDP growth (percent change),4.2,5,-6.9,-15.7,-6.5,1,-2.3,14.7,8.2,6.5,1,6.6,-6.1,10.6,6.5,2.3,11.2,11.3,9.9,11.7,1.2,12.1,9.3,6.9,7.9,6.6,9.7,7.7,7.3,6.3,6.5,7.4,7.3,7,7.4,6.7,3.8,3.7,3.4,2.3,-1.2,2.4,4.2,7,5
Myanmar,Annual GDP growth (percent change),,,,,,,,,,,,,,,,,,,,8.4,12.4,12.5,9.9,13.2,15.3,13.6,13.3,12.5,7.6,4.4,5.2,5.5,6.5,7.9,8.2,7.5,6.4,5.8,6.4,6.8,3.2,-17.9,2,2.6,2.6
Namibia,Annual GDP growth (percent change),,,,,,,,,,,,5.3,9.3,-1.6,3,4.1,3.2,4.2,3.3,3.4,3.5,2.4,6.7,3.5,6.6,4.7,3.9,3.6,2.6,0.3,6,5.1,5.1,5.6,6.1,4.3,0,-1,1.1,-0.8,-8.1,3.5,4.6,2.8,2.7
Nauru,Annual GDP growth (percent change),,,,,,,,,,,,,,,,,,,,,,,,,,-8,-8.3,-6.8,63.3,-6,-0.3,9.3,30.6,5,14.7,-5.7,8,-5.9,7.2,9.1,4.1,2.9,1.9,0.5,1.3
Nepal,Annual GDP growth (percent change),-2.3,8.3,3.8,-3,9.7,6.1,4.6,1.7,7.7,4.3,4.6,6.4,4.1,3.8,8.2,3.5,5.3,5.3,2.9,4.5,6.1,5.6,0.1,3.9,4.7,3.5,3.4,3.4,6.1,4.5,4.8,3.4,4.7,3.5,6,4,0.4,9,7.6,6.7,-2.4,4.8,5.6,0.8,5
Netherlands,Annual GDP growth (percent change),,-0.5,-1.3,1.8,3.1,2.7,3.1,1.9,4.6,4.5,4.2,2.5,1.6,1.3,3,2.8,3.5,4.3,4.7,5,4.2,2.3,0.2,0.2,2,2,3.5,3.8,2.2,-3.7,1.3,1.5,-1,-0.1,1.4,2,2.2,2.9,2.4,2,-3.9,6.2,4.3,0.6,1.1
New Zealand,Annual GDP growth (percent change),1,3,2.9,-0.1,6.9,1.2,1.8,2.4,0.6,0.4,0,-1.3,0.7,5.2,5.6,4.9,4.1,2.5,0.4,4.5,4.2,2.5,4.7,4.4,4.8,3.2,2.8,3.5,-0.3,-1.1,1.8,1.8,2.5,2.3,3.8,3.7,3.9,3.5,3.5,3.1,-1.5,6.1,2.7,1.1,1
Nicaragua,Annual GDP growth (percent change),4.6,5.4,-0.8,4.6,-1.6,-4.1,-1,-0.7,-12.4,-1.7,-0.1,-0.2,0.4,-0.4,5,5.9,6.3,4,3.7,7,4.1,3,0.8,2.5,5.4,4.2,3.8,5.1,3.4,-3.3,4.4,6.3,6.5,4.9,4.8,4.8,4.8,4.4,-3.4,-2.9,-1.8,10.3,3.8,3,3.3
Niger,Annual GDP growth (percent change),4.9,-0.2,2.2,-3.9,-16.8,7.7,6.4,0.1,6.9,1,-1.3,-0.4,2,0.3,1.9,2.5,0.1,1.5,10,-0.2,-1.2,7.3,4.9,2.2,0.4,7.3,5.9,3.1,7.7,2,8.6,2.4,10.5,5.3,6.6,4.4,5.7,5,7,6.1,3.5,1.4,11.9,4.1,11.1
Nigeria,Annual GDP growth (percent change),,,,,,,,,,,,-0.6,2.2,1.6,0.3,1.9,4.1,2.9,2.5,0.5,5.5,6.7,14.6,9.5,10.4,7,6.7,7.3,7.2,8.4,11.3,4.9,4.3,5.4,6.3,2.7,-1.6,0.8,1.9,2.2,-1.8,3.6,3.3,2.9,3.1
North Macedonia ,Annual GDP growth (percent change),,,,,,,,,,,,,,-7.5,-1.8,-1.1,1.2,1.4,3.4,4.3,4.5,-3.1,1.5,2.2,4.7,4.7,5.1,6.5,5.5,-0.4,3.4,2.3,-0.5,2.9,3.6,3.9,2.8,1.1,2.9,3.9,-4.7,3.9,2.1,2.5,3.2
Norway,Annual GDP growth (percent change),4.5,1.6,0.2,4,6.1,5.6,4,1.8,-0.3,1,1.9,3.1,3.6,2.8,5.1,4.2,5,5.3,2.7,2.1,3.3,2.1,1.4,0.9,4,2.7,2.5,2.9,0.5,-1.9,0.8,1.1,2.7,1,2,1.9,1.2,2.5,0.8,1.1,-1.3,3.9,3.3,2.3,1.5
Oman,Annual GDP growth (percent change),6.1,17.1,11.5,15.9,13.9,14.5,2.1,-4,5.2,3,8.4,6,8.5,6.1,3.8,4.8,2.9,6.2,2.7,0.3,6.2,4.6,-0.8,-2.2,2,2.8,4.7,5,9,6,2.5,2.9,8.9,5.2,1.3,5,5,0.3,1.3,-1.1,-3.4,3.1,4.3,1.2,2.7
Pakistan,Annual GDP growth (percent change),6.9,6.2,7.6,6.8,4,8.7,6.4,5.8,6.4,4.8,4.6,5.1,7.6,2.1,4.4,5.1,6.6,1.7,3.5,4.2,3.9,3.6,2.6,5.2,7.7,8,5.7,5.1,4.4,1.1,2.3,3.2,3.2,3.9,3.6,3.8,4.1,4.6,6.1,3.1,-0.9,5.8,6.1,-0.5,2.5
Palau,Annual GDP growth (percent change),,,,,,,,,,,,,,,,,,,,,,6.5,5.1,-3.4,4.1,3.7,0,0.9,-5.3,-6.8,-1.1,4.1,1.9,-1.6,4.4,9.5,1.5,-3.5,1.3,1.4,-7,-13.4,-2,0.8,12.4
Panama,Annual GDP growth (percent change),4.5,9.2,5.3,-4.5,2.7,4.9,3.6,-1.8,-13.4,1.6,8.1,9.4,8.2,5.5,2.8,1.8,7.4,6.5,7.3,3.9,2.7,0.6,2.2,4.2,7.5,7.2,8.5,12.1,9.9,1.2,5.8,11.3,9.8,6.9,5.1,5.7,5,5.6,3.7,3.3,-17.7,15.8,10.8,6,4
Papua New Guinea,Annual GDP growth (percent change),-2.3,1.1,0.8,3.4,-1,3.6,5.7,2.8,2.9,-1.4,-3.1,9.6,13.8,13.3,10.5,-3.4,6.6,-6.3,4.7,1.9,-2.5,-0.1,-0.2,9,0.6,4.3,2.5,7.8,-0.3,6.8,10.1,1.1,4.7,3.8,13.5,6.6,5.5,3.5,-0.3,4.5,-3.2,0.1,4.3,3,5
Paraguay,Annual GDP growth (percent change),11.7,9.2,-1.4,-3,2.8,3.9,0.3,4.1,5.9,5.8,4.1,3.5,1.7,4.9,5.3,6.8,1.6,4.2,0.1,-1.4,-2.3,-0.8,0,4.3,4.1,2.1,4.8,5.4,6.5,-0.3,11.1,4.3,-0.7,8.3,5.3,3,4.3,4.8,3.2,-0.4,-0.8,4,0.1,4.5,3.8
Peru,Annual GDP growth (percent change),7.7,5.5,-0.3,-9.3,3.8,2.1,12.1,7.7,-9.4,-13.4,-5.1,2.2,-0.5,5.2,12.3,7.4,2.8,6.5,-0.4,1.5,2.7,0.6,5.5,4.2,5,6.3,7.5,8.5,9.1,1.1,8.3,6.3,6.1,5.9,2.4,3.3,4,2.5,4,2.2,-11,13.3,2.7,1.1,2.7
Philippines,Annual GDP growth (percent change),5.1,3.4,3.6,1.9,-7.3,-7.3,3.4,4.3,6.8,6.2,3,-0.4,0.4,2.2,4.4,4.6,5.9,5.2,-0.5,3.3,4.4,3,3.7,5.1,6.6,4.9,5.3,6.5,4.3,1.4,7.3,3.9,6.9,6.8,6.3,6.3,7.1,6.9,6.3,6.1,-9.5,5.7,7.6,5.3,5.9
Poland,Annual GDP growth (percent change),-6,-10,-4.8,5.6,-0.4,3.9,3.5,2.3,3.3,3.8,-7.2,-7,2,4.3,5.2,6.7,6.2,7.1,5,4.5,4.3,1.2,1.4,3.5,5,3.5,6.1,7.1,4.2,2.8,2.9,5,1.5,0.9,3.8,4.4,3,5.1,5.9,4.4,-2,6.9,5.1,0.6,2.3
Portugal,Annual GDP growth (percent change),6.7,3.5,2.2,1,-1,1.6,3.3,7.6,5.3,6.6,7.9,3.4,3.1,-0.7,1.5,2.3,3.5,4.4,4.8,3.9,3.8,1.9,0.8,-0.9,1.8,0.8,1.6,2.5,0.3,-3.1,1.7,-1.7,-4.1,-0.9,0.8,1.8,2,3.5,2.8,2.7,-8.3,5.5,6.7,2.3,1.5
Puerto Rico,Annual GDP growth (percent change),,1.1,-3,0.5,7.3,2.1,8.2,4.9,6.5,4.9,3.8,2.3,4.6,4.6,4.2,4.5,2.3,4.9,6.5,4.4,3.3,9.5,2.2,2.3,2,-2,-1.4,-1.2,-1.8,-2,-0.4,-0.4,0,-0.3,-1.2,-1,-1.3,-2.9,-4.4,1.7,-4.4,0.2,2,-0.7,-0.2
Qatar,Annual GDP growth (percent change),-1,-3.9,-8.2,-5.3,16,-13,3.7,0.9,4.7,5.3,-14.6,-1.5,10.4,-0.9,1.9,0.4,4.2,27.7,10.3,3.8,6.9,4.5,6.9,4,19.2,7.8,28.1,18.2,17.5,13.1,17.7,11.3,4.7,5.6,5.3,4.8,3.1,-1.5,1.2,0.7,-3.6,1.5,4.9,2.4,2.2
Romania,Annual GDP growth (percent change),3.3,0.1,3.9,6,6,-0.1,2.4,0.8,-0.5,-5.8,-5.6,-12.9,-8.8,1.5,3.9,7.1,3.9,-6.1,-4.8,-1.2,2.9,5.1,5.7,2.3,10.3,4.7,8,7.2,9.4,-5.6,-3.9,4.5,1.9,0.2,4.1,3.2,2.9,8.2,6,3.8,-3.7,5.9,4.7,2.2,3.8
Russian Federation,Annual GDP growth (percent change),,,,,,,,,,,,-5,-14.5,-8.7,-12.7,-4.1,-3.6,1.4,-5.3,6.3,10.1,5.1,4.7,7.4,7.1,6.4,8.2,8.6,5.2,-7.8,4.5,3.9,4,1.8,0.7,-2,0.2,1.8,2.8,2.2,-2.7,5.6,-2.1,2.2,1.1
Rwanda,Annual GDP growth (percent change),-3.6,2.5,-2.5,6,13,4.4,5.5,-0.3,0.3,-5.7,0.4,-4.3,6.6,-10.4,-41.9,24.5,11.6,14.9,8.3,3.3,8.4,8.5,13.2,2.2,7.4,9.3,9.2,7.7,11.2,6.3,7.3,8,8.6,4.7,6.2,8.9,6,3.9,8.5,9.5,-3.4,10.9,8.2,6.2,7
Saint Kitts and Nevis,Annual GDP growth (percent change),1.3,2.7,6.1,-2.1,9.7,6.4,8.8,8.3,10.4,6,5.5,2.3,3.1,5.4,5.4,3.5,5.9,7.3,1,3.9,9.7,5.3,1.4,-3.9,4,9.7,3.2,0.6,11.2,-3.4,0,1.6,-0.5,5.7,7.6,0.7,3.9,0,2.1,4.1,-14.6,-0.9,8.8,4.9,3.8
Saint Lucia,Annual GDP growth (percent change),-0.5,5.1,2.1,4.1,8,12.6,14.4,3.9,13.9,9,9.9,0.4,8,0.6,1.6,1.7,2.9,-0.7,6.3,2.7,0,-3.4,0.4,4.3,7.3,-0.4,6.5,1.9,4.9,-1.9,0.5,4.9,-0.4,-2.2,1.3,-0.2,3.8,3.4,2.9,-0.2,-23.6,11.3,15.7,3.2,2.3
Saint Vincent and the Grenadines,Annual GDP growth (percent change),2.9,3.9,2.6,3.2,5.3,4.3,5.4,0.6,13.2,3.3,4.8,2.2,7.1,3.6,-1.2,6.8,1.1,3.7,4.5,2.1,1.8,1.6,4.9,6.1,3.7,2.3,6.5,3.1,0.4,-1.2,-4.3,-0.6,1.1,2.5,1.1,2.8,4.1,1.5,3.2,0.7,-3.7,0.8,5.5,6.2,5
Samoa,Annual GDP growth (percent change),-6.1,-9.1,-1,0.5,2,5.8,4.8,0.5,2.9,5.8,-6.4,-2.4,4.1,1.7,6.4,6.6,7.3,0.8,1.1,-0.6,5.1,7.4,5.7,5.2,3.1,6.6,2.1,0.5,3.6,-0.5,2.5,3.8,-3.7,0.1,0.7,3.9,8,1.4,-0.6,4.5,-3.1,-7.1,-5.3,8,3.6
San Marino,Annual GDP growth (percent change),,,,,,,,,,,,,,,,,,,7.5,9,2.2,5.5,0.3,3.9,4.6,2.4,3.8,7.1,-0.4,-10.1,-5.8,-8.5,-7.2,-0.8,-0.6,2.7,2.3,0.3,1.5,2,-6.8,14.2,5,2.2,1.3
Saudi Arabia,Annual GDP growth (percent change),5.7,1.9,-20.7,-16.1,-4.7,-9.8,17,-6.6,13.1,-0.5,15.2,15,4,-1.4,0.6,0.2,2.6,1.1,2.9,-3.8,5.6,-1.2,-2.8,11.2,8,5.6,2.8,1.8,6.2,-2.1,5,11,5.4,2.9,4,4.7,2.4,-0.1,2.8,0.8,-4.3,3.9,8.7,0.8,4
Senegal,Annual GDP growth (percent change),-0.8,5.1,7.8,-5.3,3.7,3.3,3.1,6.1,-0.6,4,-0.7,2.6,1.2,1.3,-0.2,6.1,1.9,2.7,6,6,3.9,4.3,0.1,5.6,4.6,4.3,2.3,2.8,3.7,2.8,3.4,1.3,4,2.4,6.2,6.4,6.4,7.4,6.2,4.6,1.3,6.5,4,4.1,8.8
Serbia,Annual GDP growth (percent change),,,,,,,,,,,,,,,,,,,3.3,-9.4,6.1,6.9,6.4,4.4,9,5.5,5.1,6.4,5.7,-2.7,0.7,2,-0.7,2.9,-1.6,1.8,3.3,2.1,4.5,4.3,-0.9,7.5,2.3,2,3
Seychelles,Annual GDP growth (percent change),-2.3,-3.9,-2.1,-0.6,4.3,10.3,0.8,4.9,5.3,10.3,7.5,2.8,7.2,7.3,-2.4,0.5,10,12.2,2.5,1.9,4.3,-2.3,1.2,-5.9,-2.9,9,9.4,10.4,-2.1,-1.1,6.3,5.7,3.8,6.4,4.7,9.7,12.7,6.6,6.2,5.2,-8.5,2.5,8.9,4.2,3.9
Sierra Leone,Annual GDP growth (percent change),-0.6,1.9,1.8,-1.6,1.7,-6.7,0.1,2.4,2.1,5,1.6,-8,-9.6,0.1,3.5,-10,-24.8,-17.6,-0.8,-8.1,3.8,18.2,26.4,9.3,6.6,4.5,4.2,8.1,5.4,3.2,5.3,6.3,15.2,20.7,4.6,-20.5,6.4,3.8,3.5,5.3,-2,4.1,4,2.7,4.7
Singapore,Annual GDP growth (percent change),10.1,10.8,7.1,8.6,8.8,-0.6,1.3,10.8,11.3,10.2,9.8,6.7,6.6,11.5,11.1,7.2,7.5,8.3,-2.2,5.7,9,-1.1,3.9,4.5,9.9,7.4,9,9,1.9,0.1,14.5,6.2,4.4,4.8,3.9,3,3.6,4.5,3.6,1.3,-3.9,8.9,3.6,1,2.1
Slovak Republic,Annual GDP growth (percent change),,,,,,,,,,,,,,,6.2,7.9,6.9,4.4,4.1,-0.1,1.2,3.3,4.5,5.5,5.3,6.6,8.5,10.8,5.6,-5.5,6.7,2.7,1.3,0.6,2.7,5.2,1.9,2.9,4,2.5,-3.3,4.9,1.7,1.3,2.5
Slovenia,Annual GDP growth (percent change),,,,,,,,,,,,,,2.8,5.3,4.1,3.6,5,3.3,5.3,3.7,3.2,3.5,3,4.4,3.8,5.7,7,3.5,-7.5,1.3,0.9,-2.6,-1,2.8,2.2,3.2,4.8,4.5,3.5,-4.2,8.2,2.5,2,2.2
Solomon Islands,Annual GDP growth (percent change),-2.7,-1.8,-1.7,3.9,0.2,-3.1,-0.2,8.4,1.3,4.3,2.2,6,12.7,4,8.1,10.1,1.6,-0.9,1.3,-0.5,-14.3,-8,-2.8,6.5,6.7,5.5,4.9,4.4,5.8,2.6,8.6,7.3,1.4,5.2,1.2,1.7,5.6,3.1,2.7,1.7,-3.4,-0.6,-4.1,2.5,2.4
Somalia,Annual GDP growth (percent change),,,,,,,,,,,,,,,,,,,,,,,,,,,,,,,,,1.2,5.7,2.7,4.6,-1.3,9.5,3,3.6,-2.6,3.3,2.4,2.8,3.7
South Africa,Annual GDP growth (percent change),6.6,5.4,-0.4,-1.8,5.1,-1.2,0,2.1,4.2,2.4,-0.3,-1,-2.1,1.2,3.2,3.1,4.3,2.6,0.5,2.4,4.2,2.7,3.7,2.9,4.6,5.3,5.6,5.4,3.2,-1.5,3,3.2,2.4,2.5,1.4,1.3,0.7,1.2,1.6,0.3,-6,4.7,1.9,0.9,1.8
"South Sudan, Republic of",Annual GDP growth (percent change),,,,,,,,,,,,,,,,,,,,,,,,,,,,,,,,,-50.3,27.3,1.6,-0.2,-13.3,-5.8,-2.1,0.9,-6.5,5.3,0.5,3.5,4.2
Spain,Annual GDP growth (percent change),1.2,-0.4,1.2,1.7,1.7,2.4,3.4,5.7,5.3,5,3.8,2.5,0.9,-1.3,2.3,4.1,2.4,3.9,4.5,4.7,5.1,3.9,2.7,3,3.1,3.7,4.1,3.6,0.9,-3.8,0.2,-0.8,-3,-1.4,1.4,3.8,3,3,2.3,2,-11.2,6.4,5.8,2.5,1.7
Sri Lanka,Annual GDP growth (percent change),5.8,5.3,5.2,3.3,6.7,5,4.3,1.5,2.7,2.3,6.2,10.8,-3.1,7.5,8,6.1,12.2,10.3,-1.6,2.9,8.4,-1.9,3.7,5.9,5.4,6.2,7.7,6.8,6,3.5,8,8.7,8.6,4.1,6.4,4.2,5.1,6.5,2.3,-0.2,-4.6,3.5,-7.8,,
Sudan,Annual GDP growth (percent change),2.5,6.3,4.1,-1.5,-5.6,-0.6,9.9,6.5,4.3,1.4,0.8,7,5.5,2.8,3.5,8.9,5.5,6.1,8.2,4.2,8.4,10.9,5.9,6.3,5.1,5.6,6.5,5.7,3.8,-2.8,3.9,-3.2,-17,2,4.7,4.9,4.7,0.8,-2.3,-2.5,-3.6,0.5,-2.5,-18.3,0.3
Suriname,Annual GDP growth (percent change),-6.5,1.9,-6.3,-5.1,-3,-0.9,-2.4,-8.8,10.8,2.3,-1.5,-13.8,3.9,-2.2,-7,11.3,11.2,7,2.2,-0.9,-0.1,4.9,3.7,6.2,7.3,4.9,5.8,5.1,4.1,3,5.2,5.8,2.7,2.9,0.3,-3.4,-4.9,1.6,4.9,1.1,-15.9,-2.7,1,2.1,3
Sweden,Annual GDP growth (percent change),4.6,4.5,1.4,2.1,4.3,2.3,3,3.3,2.5,2.7,0.8,-1.1,-0.9,-1.8,3.9,3.9,1.6,3.1,4.3,4.2,4.8,1.4,2.2,2.3,4.3,2.9,4.7,3.4,-0.5,-4.3,6,3.2,-0.6,1.2,2.7,4.5,2.1,2.6,2,2,-2.2,6.1,2.8,-0.7,0.6
Switzerland,Annual GDP growth (percent change),5.1,1.6,-1.3,0.6,3.1,3.7,1.8,1.5,3.3,4.4,3.7,-0.9,-0.1,-0.1,1.3,0.6,0.5,2.2,2.9,1.6,4.1,1.6,-0.1,-0.1,2.5,2.8,4.2,3.9,2.7,-2.3,3.2,1.9,1.2,1.8,2.3,1.6,2.1,1.4,2.9,1.2,-2.3,5.4,2.7,0.9,1.8
Syria,Annual GDP growth (percent change),10.5,8.5,2.6,1.6,-6.5,7.3,-4.8,1.3,12.7,-6.1,10.4,10.7,13.2,7.4,5.5,5.4,3,-1.1,5.6,-3.1,2.3,3.7,5.9,-2,6.9,6.2,5,5.7,4.5,5.9,3.4,,,,,,,,,,,,,,
São Tomé and Príncipe,Annual GDP growth (percent change),-1.1,-10.3,3.1,-3.9,-6,9.3,-5.8,-2.9,2,3.1,-2.2,1.2,0.7,1.1,2.2,2,1.5,1,2.5,2.5,0.4,2.4,2.4,6.6,3.8,7.1,9.1,3.3,8.2,3.3,1.4,2,2.9,5.1,4.9,1.5,5.2,4.1,4.4,2,2.6,1.9,0.1,0.5,2.4
Taiwan Province of China,Annual GDP growth (percent change),8,7.1,4.8,9,10,4.8,11.5,12.8,8,8.7,5.5,8.4,8.3,6.8,7.5,6.5,6.2,6.1,4.2,6.7,6.3,-1.4,5.5,4.2,7,5.4,5.8,6.9,0.8,-1.6,10.2,3.7,2.2,2.5,4.7,1.5,2.2,3.3,2.8,3.1,3.4,6.5,2.4,0.8,3
Tajikistan,Annual GDP growth (percent change),,,,,,,,,,,,,,-11.1,-21.4,-12.5,-4.4,1.7,5.3,3.7,8.3,10.2,9.1,10.2,10.6,6.7,7,7.8,7.9,3.9,6.5,7.4,7.5,7.4,6.7,6,6.9,7.1,7.6,7.4,4.4,9.4,8,6.5,5
Tanzania,Annual GDP growth (percent change),3.3,0.5,0.6,2.4,3.4,4.6,6.6,5.9,4.4,3.8,7,2.1,0.6,1.2,1.6,3.6,4.5,3.5,3.7,4.8,4.9,6,7.2,6.9,7.8,7.4,4.7,8.5,5.6,5.4,6.4,7.9,5.1,6.8,6.7,6.2,6.9,6.8,7,7,4.8,4.9,4.7,5.2,6.1
Thailand,Annual GDP growth (percent change),4.6,5.9,5.4,5.6,5.8,4.6,5.5,9.5,13.3,12.2,11.6,8.4,9.2,8.7,8,8.1,5.7,-2.8,-7.6,4.6,4.5,3.4,6.1,7.2,6.3,4.2,5,5.4,1.7,-0.7,7.5,0.8,7.2,2.7,1,3.1,3.4,4.2,4.2,2.1,-6.1,1.5,2.6,2.7,3.2
Timor-Leste,Annual GDP growth (percent change),,,,,,,,,,,,,,,,,,,,,,16.3,-6.7,-2.2,0.4,3,-4.1,10.3,11.4,10.1,9.3,6,4.9,3.1,4.5,2.8,3.4,-3.1,-0.7,2.1,-8.3,2.9,3.9,1.5,3.1
Togo,Annual GDP growth (percent change),-2.3,-3.4,-3.7,-5.2,5.9,3.7,3.3,-2.5,10.1,4.1,5.9,-0.6,-3.2,-16.3,13.9,19.7,-3.9,3.8,-2.3,2.5,-1,0.8,3.8,6.7,-1,-4.7,2.7,1.2,4,5.5,5.9,5.8,6.3,5.8,5.6,5.5,5.7,4,4.8,4.9,2,6,5.8,5.4,5.3
Tonga,Annual GDP growth (percent change),15.8,14,12.8,5.8,44.1,5.6,8.8,1.7,-3.5,1.1,4.7,5.9,-3.8,-0.1,2,7.9,0.1,-0.6,2.3,2.3,3.8,1.5,4.5,0.1,-1.9,-0.4,-2.2,-2.5,4.8,-5.2,0.8,6.8,0.8,0.3,2,1.2,6.6,3.3,0.2,0.7,0.5,-2.7,-2,2.6,2.5
Trinidad and Tobago,Annual GDP growth (percent change),10.4,4.6,3.8,-10.3,-5.8,-4.1,-3.3,-4.6,-3.9,-0.8,1.5,3.1,10.1,-0.7,3.6,3.8,7.1,7.5,8.1,8,6.9,3.7,7.2,13.9,7.3,5.9,14.2,4.3,3.3,-4.8,3.5,-0.2,3.5,3.5,3.9,1,-7.5,-4.8,-0.6,0.4,-9.1,-1,1.5,2.5,2.2
Tunisia,Annual GDP growth (percent change),7.4,5.5,-0.5,4.7,5.7,5.7,-1.5,6.7,0.1,2.6,7.1,4.1,8,2.5,3.6,2.7,6.9,5.7,5,6,4.3,3.8,1.3,4.7,6.2,3.5,5.2,6.7,4.2,3,3.5,-2,4.2,2.4,3.1,1,1.1,2.2,2.6,1.6,-8.8,4.4,2.5,1.3,1.9
Turkmenistan,Annual GDP growth (percent change),,,,,,,,,,,,,,-10,-17.3,-7.2,-6.7,-11.3,6.7,16.5,18.6,20.4,15.8,17.1,14.7,13,11,11.1,14.7,6.1,16.2,12.9,6.1,-0.3,3.8,3,-1,4.7,0.9,-3.4,-2.9,4.6,1.6,2.5,2.1
Tuvalu,Annual GDP growth (percent change),,,,,,,,,,,,,,,,,,,,,,0.7,8.3,-4.4,-1.9,-3.7,1.3,6.9,6.6,-5.6,-2.5,7.5,-2.9,3.8,1.7,9.4,4.7,3.3,1.4,13.8,-4.3,1.8,0.7,3.9,3.5
"Türkiye, Republic of",Annual GDP growth (percent change),-0.8,4.4,3.4,4.8,6.8,4.3,6.9,10,2.1,0.3,9.3,0.9,6,8,-5.5,7.2,7,7.5,3.1,-3.3,6.9,-5.8,6.4,5.8,9.8,9,6.9,5,0.8,-4.8,8.4,11.2,4.8,8.5,4.9,6.1,3.3,7.5,3,0.8,1.9,11.4,5.5,4,3
Uganda,Annual GDP growth (percent change),-3.4,3.9,8.2,4.9,-3,-3,0.9,4,8.3,6.4,6.5,1.8,5.9,6.7,7.7,9.2,6.6,4.6,6.1,8,3.9,8.8,7.1,6.2,5.8,10,7,8.1,10.4,8.1,7.5,7.7,2.3,3.9,5.7,8,0.2,6.8,5.6,7.6,-1.2,5.7,6.4,4.6,5.7
Ukraine,Annual GDP growth (percent change),,,,,,,,,,,,,-9.9,-14.2,-22.9,-12.2,-10,-3,-1.9,-0.2,5.9,8.8,5.3,9.5,11.8,3.1,7.6,8.2,2.2,-15.1,4.1,5.5,0.2,0,-6.6,-9.8,2.4,2.4,3.5,3.2,-3.8,3.4,-29.1,2,3.2
United Arab Emirates,Annual GDP growth (percent change),-1.8,8,-7.2,-5.2,4.5,-2.5,-19.3,5.3,-2.6,15.7,23.6,2.2,3.1,0.3,7.4,6.6,5.4,8.6,0.9,3.8,12.3,1.4,2.4,8.8,9.6,4.9,9.8,3.2,3.2,-5.2,5.3,6.2,1.8,5.1,4.2,6.8,5.6,0.7,1.3,1.1,-5,4.4,7.9,3.4,4
United Kingdom,Annual GDP growth (percent change),-2.2,-0.9,1.7,3.9,1.9,3.7,2.6,5.2,5.2,2.2,0.6,-1.7,0,2.1,3.5,2.1,1.9,4.5,3.2,3,4.1,2.2,1.8,3.1,2.3,2.7,2.2,2.6,-0.2,-4.5,2.4,1.1,1.4,1.8,3.2,2.4,2.2,2.4,1.7,1.6,-11,7.6,4.1,0.5,0.6
United States,Annual GDP growth (percent change),-0.3,2.5,-1.8,4.6,7.2,4.2,3.5,3.5,4.2,3.7,1.9,-0.1,3.5,2.8,4,2.7,3.8,4.4,4.5,4.8,4.1,1,1.7,2.8,3.9,3.5,2.8,2,0.1,-2.6,2.7,1.5,2.3,1.8,2.3,2.7,1.7,2.2,2.9,2.3,-2.8,5.9,2.1,2.1,1.5
Uruguay,Annual GDP growth (percent change),6,1.9,-9.4,-5.9,-1.5,0.3,7.5,5.9,0.5,1.1,0.3,3.5,7.9,2.7,7.3,-1.4,5.6,5.5,4.5,-1.9,-1.9,-3.8,-7.7,0.8,5,7.5,4.1,6.5,7.2,4.2,7.8,5.2,3.5,4.6,3.2,0.4,1.7,1.7,0.2,0.7,-6.3,5.3,4.9,1,3.2
Uzbekistan,Annual GDP growth (percent change),,,,,,,,,,,,,-11.1,-2.3,-5.2,-0.9,1.7,5.2,4.3,4.3,3.8,4.2,4,4.2,7.4,7,7.5,9.5,9,8.1,7.1,7.5,7.1,7.3,6.9,7.2,5.9,4.4,5.9,6,2,7.4,5.7,5.5,5.5
Vanuatu,Annual GDP growth (percent change),5.5,4.4,2,3,9.6,1,-0.1,-2.9,-1.7,1.5,11.7,3.1,2.6,0.7,9.1,1,2.3,4.9,1.2,0.3,5.9,-3.4,-5.2,4.3,4,5.3,8.5,2.9,5.6,3,1.3,3.1,1,0.5,3.1,0.4,4.7,6.3,2.9,3.2,-5,0.6,1.9,1.5,2.6
Venezuela,Annual GDP growth (percent change),-4.9,-1.3,2.6,-9.9,5.2,0.9,6.1,4.8,6.5,-13.9,6.5,9.7,6.1,0.3,-2.3,4,-0.2,6.4,0.3,-6,3.7,3.4,-8.9,-7.8,18.3,10.3,9.9,8.8,5.3,-3.2,-1.5,4.2,5.6,1.3,-3.9,-6.2,-17,-15.7,-19.7,-27.7,-30,1,8,4,4.5
Vietnam,Annual GDP growth (percent change),-3.5,5.8,8.2,7.1,8.4,5.6,3.4,2.5,5.1,7.8,5,5.8,8.7,8.1,8.8,9.5,9.3,8.2,5.8,4.8,6.8,6.9,7.1,7.3,7.8,7.5,7,7.1,5.7,5.4,6.4,6.4,5.5,5.6,6.4,7,6.7,6.9,7.5,7.4,2.9,2.6,8,4.7,5.8
West Bank and Gaza,Annual GDP growth (percent change),,,,,,,,,,,,,,,,7.1,1.2,14.7,14.3,8.3,-8.6,-9.3,-12.5,14,21.9,11.3,-1,3.8,7.4,8.6,5.8,9.6,6.1,4.7,-0.2,3.7,8.9,1.4,1.2,1.4,-11.3,7,3.9,3,2.7
Yemen,Annual GDP growth (percent change),,,,,,,,,,,,6.3,8.2,4,6.7,5.7,4.6,5.2,6,3.8,6.2,3.8,3.9,3.7,4,5.6,3.2,3.3,3.6,3.9,7.7,-12.7,2.4,4.8,-0.2,-28,-9.4,-5.1,0.8,2.1,-8.5,-1,1.5,-0.5,2
Zambia,Annual GDP growth (percent change),3.9,6.6,-2.9,-1.1,-1.7,1.2,1.7,1.5,9.3,-3.7,-0.6,-0.7,2.1,-0.1,-13.3,2.9,6.2,3.8,-0.4,4.7,3.9,5.3,4.5,6.9,7,7.2,7.9,8.4,7.8,9.2,10.3,5.6,7.6,5.1,4.7,2.9,3.8,3.5,4,1.4,-2.8,4.6,4.7,3.6,4.3
Zimbabwe,Annual GDP growth (percent change),,,,,,,,,,,,,,,,,,,,-1.1,-4.2,-0.5,-7.7,-16.2,-6.3,-7.4,-3.6,-3.4,-16.3,7.4,19.7,14.2,16.7,2,2.4,1.8,0.8,5.2,5,-6.3,-7.8,8.4,6.2,4.1,3.6
